filepath,xmin,xmax,ymin,ymax
./images/276235127_991053998449829_6034602069149431870_n.xml,82,167,329,354
./images/275849433_5036536913059534_8785568953873885336_n.xml,94,156,161,181
./images/275678048_4904506999585042_1392631076237674997_n.xml,87,163,118,147
./images/275616634_5382319565136270_264680139509371903_n.xml,88,164,207,237
./images/275363477_5276295065728390_8215315268381431352_n.xml,84,155,133,154
./images/275109877_918792075485690_8258349746511155204_n.xml,352,457,503,540
./images/274802848_5438426676170865_849098303275014181_n.xml,109,161,197,223
./images/274357051_4892788324122055_6116986137260830450_n.xml,103,169,164,191
./images/274181062_7219322921474810_5049346432671421281_n.xml,100,165,83,108
./images/273759308_5318091384869077_3526264963201133932_n.xml,83,166,203,226
./images/273498618_4805943599523688_8734453702326791398_n.xml,78,152,208,234
./images/273430349_6888191347920229_8868983306980080917_n.xml,170,241,106,129
./images/273090041_7928350350524332_7537158964345215702_n.xml,88,169,195,216
./images/272604403_4808993932496208_2319064057865120529_n.xml,196,240,189,206
./images/272125445_5325762677451326_7074571209966665027_n.xml,63,118,157,171
./images/271956466_4303014409799978_1893214831712752441_n.xml,101,159,165,184
./images/271719778_992731034658931_3681499666829902765_n.xml,130,201,101,142
./images/271665557_4881052498599444_3542404036593503636_n.xml,97,164,217,232
./images/271663525_5167956023237828_5492151767882862496_n.xml,294,351,252,279
./images/270085393_5787588038000035_1846164011226960662_n.xml,71,165,168,203
./images/269962295_4560027667441466_841254169223499572_n.xml,101,167,140,167
./images/269681819_5296819410332563_8851967246221974408_n.xml,154,219,125,159
./images/266836087_4619884564794800_152490043616029411_n.xml,351,576,308,417
./images/265945013_4477759928985800_9152404308153373174_n.xml,347,556,621,783
./images/265904758_4727158940675376_2211651496723088264_n.xml,40,87,70,110
./images/264273697_3153323468125352_7455505726971451857_n.xml,111,163,180,195
./images/263394171_4748891998522341_1732252936957120109_n.xml,97,179,142,172
./images/263097549_142256744824975_7865971676769870682_n.xml,100,184,207,232
./images/261620762_4480433755398306_4132485665894356362_n.xml,11,102,207,253
./images/352.E 5053 RG-09-20.xml,6,570,1,229
./images/351.E 6730 RC-07-19.xml,3,287,2,115
./images/176.E 4386 IY-09-18.xml,1,443,2,193
./images/133.E 6586 PAM-06-22.xml,1,273,1,122
./images/167.E 4314 RP-01-22.xml,2,117,1,48
./images/20171212_100546.xml,14,3144,69,1328
./images/231.E 5639 PAP-08-22.xml,1,348,2,149
./images/IMG-20180108-WA0117.xml,534,652,331,382
./images/101.E 4604 PS-09-17.xml,4,459,3,181
./images/IMG-20180108-WA0114.xml,489,662,341,406
./images/104.E 4939 PAE-07-21.xml,7,336,6,131
./images/28.E 2393 TT-01-18.xml,2,374,2,139
./images/20171212_124415.xml,55,3264,210,1568
./images/361.E 3193 PS-08-17.xml,2,488,2,215
./images/288.E 2747 QQ-01-20.xml,1,428,8,180
./images/251.E 3008 SM-05-20.xml,6,361,1,135
./images/243.E 3309 QF-02-19.xml,1,204,1,71
./images/20171211_110711.xml,1,3264,154,1451
./images/127.E 6932 TW-05-18.xml,7,296,5,116
./images/20.E 4221 RL-04-19.xml,1,242,8,112
./images/144.E 3063 RS-07-22.xml,1,516,1,211
./images/237.E 3243 QN-12-17.xml,1,303,2,121
./images/298.E 5944 TK-04-22.xml,1,389,6,156
./images/198.E 3040 SI-09-19.xml,2,728,1,409
./images/IMG-20180108-WA0105.xml,72,158,348,381
./images/194.E 6037 SF-06-19.xml,1,310,1,135
./images/112.E 5718 OT-06-20.xml,1,109,1,43
./images/219.E 6312 SW-07-21.xml,8,149,1,74
./images/20171214_091545.xml,42,3264,310,1540
./images/142.E 3229 SQ-11-18.xml,1,591,1,339
./images/284.E 5676 TD-02-18.xml,7,912,14,365
./images/205.E 5880 RF-10-18.xml,1,369,7,144
./images/20171211_110651.xml,3,3264,105,1701
./images/154.E 6151 PAL-04-22.xml,1,298,1,101
./images/356.E 6225 SJ-11-19.xml,1,299,2,123
./images/170.E 3913 QS-04-20.xml,7,294,1,139
./images/250.E 6031 ST-03-21.xml,3,234,1,90
./images/222.E 4578 TL-15-22.xml,1,339,7,141
./images/193.E 4682 QA-09-22.xml,7,218,3,71
./images/252.E 2113 PAG-09-21.xml,1,507,3,195
./images/147.E 2881 QAA-10-22.xml,11,537,3,199
./images/244.E 6590 QW-09-20.xml,2,644,1,238
./images/209.E 5246 PAF-08-21.xml,1,229,2,105
./images/20171211_160434.xml,26,3263,195,1433
./images/126.E 3453 TN-06-22.xml,3,671,20,240
./images/189.E 5182 QO-11-19.xml,1,360,3,851
./images/260.E 4250 SU-04-21.xml,1,346,1,140
./images/118.E 4885 QZ-12-20.xml,18,304,6,124
./images/225.E 3061 SQ-10-20.xml,23,1274,2,486
./images/119.E 4538 QK-08-19.xml,4,395,4,172
./images/199.E 5314 QR-03-20.xml,1,579,1,219
./images/106.E 4670 TL-05-22.xml,3,311,1,134
./images/188.E 2647 SL-01-20.xml,3,263,1,103
./images/166.E 2989 OZ-12-20.xml,5,104,4,53
./images/129.E 6410 TX-06-18.xml,4,371,2,151
./images/150.E 6686 PAI-01-22.xml,16,628,33,271
./images/221.E 3683 RN-10-21.xml,4,104,3,43
./images/236.E 536 YY-00-00.xml,10,419,2,124
./images/245.E 6941 PAP-08-22.xml,4,694,10,265
./images/172.E 6526 QX-11-20.xml,1,447,1,184
./images/109.E 4026 SL-02-20.xml,20,360,22,145
./images/IMG-20180108-WA0115.xml,268,348,375,402
./images/20171211_155025.xml,6,3264,251,1649
./images/145.E 2035 SO-07-20.xml,1,327,1,125
./images/143.E 5279 SD-12-21.xml,1,328,1,132
./images/121.E 4112 RJ-04-18.xml,2,443,2,183
./images/20171211_110634.xml,1,3264,264,1712
./images/20171212_073402.xml,1,3264,207,1662
./images/120.E 6464 TI-05-18.xml,6,127,7,56
./images/130.E 9967 P-12-22.xml,2,178,3,57
./images/20171212_142243.xml,1,3257,1,1413
./images/180.E 3646 RL-05-20.xml,2,383,6,156
./images/169.E 2637 WM-02-21.xml,7,502,11,209
./images/201.E 5090 PAO-07-22.xml,5,68,2,26
./images/171.E 5605 QZ-12-20.xml,4,434,8,179
./images/197.E 6375 OC-06-22.xml,10,214,5,82
./images/282.E 5519 PAK-03-22.xml,1,93,4,45
./images/22.E 5234 YF-11-20.xml,1,153,1,82
./images/159.E 5084 RY-08-21.xml,1,89,2,36
./images/20171212_100708.xml,6,3264,143,1575
./images/278.E 4568 TCK-12-17.xml,7,280,5,125
./images/223.E 6186 PAP-08-22.xml,8,557,2,228
./images/195.E 2110 QP-12-19.xml,1,374,1,154
./images/228.E 6450 TM-06-22.xml,4,354,6,144
./images/148.E 3052 QU-06-20.xml,1,960,2,408
./images/IMG-20180108-WA0111.xml,116,184,337,367
./images/136.E 3916 P-05-21.xml,2,280,1,115
./images/134.E 2194 Q-07-18.xml,1,618,3,256
./images/156.E 3426 SB-10-18.xml,2,78,4,40
./images/116.E 5241 TP-09-22.xml,1,354,1,143
./images/135.E 4721 SJ-11-20.xml,1,261,1,103
./images/246.E 5905 QO-12-19.xml,9,753,11,333
./images/264.E 2458 SV-05-16.xml,1,310,1,132
./images/238.E 5241 TR-11-22.xml,1,70,1,41
./images/26.E 4016 TO-08-22.xml,4,431,6,172
./images/273.E 6078 RM-09-22.xml,1,464,6,172
./images/20171211_154917.xml,11,3264,38,1324
./images/110.E 4753 QV-08-20.xml,15,408,20,168
./images/204.E 6936 TF-10-21.xml,5,402,1,244
./images/230.E 3203 TR-11-17.xml,5,190,7,88
./images/25.E 2101 PAD-06-21.xml,10,670,1,275
./images/IMG-20180108-WA0108.xml,484,606,378,421
./images/212.E 3817 PAH-11-21.xml,5,463,4,158
./images/239.E 6326 TQ-04-19.xml,7,388,5,146
./images/360.E 4690 PAL-04-22.xml,10,138,4,60
./images/265.E 3984 TZ-07-21.xml,1,64,1,28
./images/354.E 6250 PAJ-02-22.xml,2,494,2,220
./images/210.E 3166 PAO-06-22.xml,3,358,6,163
./images/20171212_073548.xml,1,3264,221,1613
./images/235.E 1893 PQ-01-19.xml,2,913,9,267
./images/263.E 6631 TO-08-21.xml,3,101,6,48
./images/285.E 5515 QT-06-20.xml,7,348,5,134
./images/151.E 5090 TW-05-18.xml,21,645,34,287
./images/10.E 5894 SZ-09-17.xml,10,414,12,158
./images/IMG-20180108-WA0120.xml,494,659,290,344
./images/30.E 5032 QD-12-18.xml,1,449,3,179
./images/179.E 3934 PAI-12-21.xml,7,212,14,89
./images/357.E 4679 PAD-06-21.xml,5,222,10,86
./images/213.E 4732 TX-05-18.xml,3,389,1,152
./images/113.E 2283 RG-10-10.xml,1,404,1,178
./images/229.E 4951 QE-02-19.xml,4,543,5,228
./images/168.E 4092 PAE-07-21.xml,1,362,3,174
./images/272.E 1677 PE-02-21.xml,1,92,4,42
./images/132.E 6298 SS-01-21.xml,1,351,10,150
./images/249.E 3507 TS-12-17.xml,4,58,4,108
./images/362.E 6525 SF-09-21.xml,1,537,1,209
./images/178.E 5430 SL-02-20.xml,12,971,17,389
./images/17.E 4172 QC-11-18.xml,7,1213,14,497
./images/283.E 2870 QAA-10-22.xml,6,163,6,71
./images/IMG-20180108-WA0118.xml,582,678,250,306
./images/220.E 3246 OP-12-19.xml,4,117,1,45
./images/208.E 6855 OC-11-21.xml,9,395,1,145
./images/289.E 6810 TX-06-18.xml,3,833,1,336
./images/111.E 6810 IX-05-20.xml,4,170,1,79
./images/124.E 4564 RRR-11-21.xml,5,123,2,52
./images/295.E 6919 TM-06-17.xml,18,339,10,153
./images/177.E 2380 SA-09-18.xml,3,107,5,50
./images/IMG-20180108-WA0109.xml,22,103,381,427
./images/20171212_073415.xml,6,3264,143,1549
./images/117.E 2251 TI-01-22.xml,1,469,2,192
./images/293.E 2509 OW-09-20.xml,4,91,2,37
./images/20171214_121655.xml,1,3264,95,1602
./images/20171212_142336.xml,8,3264,223,1654
./images/184.E 6595 TO-10-22.xml,3,353,2,138
./images/IMG-20180108-WA0107.xml,598,699,491,560
./images/153.E 6930 RS-09-12.xml,1,330,1,147
./images/280.E 4813 PL-04-20.xml,1,408,1,233
./images/267.E 2747 TS-12-17.xml,1,63,2,31
./images/218.E 2715 SE-04-19.xml,1,514,1,206
./images/215.E 6608 PAF-09-21.xml,8,337,4,131
./images/13.E 5313 TF-10-16.xml,4,86,1,195
./images/162.E 4539 RC-11-20.xml,12,93,4,226
./images/20171212_141155.xml,1,3264,261,1664
./images/192.E 6347 PAF-09-21.xml,1,702,1,254
./images/165.E 5555 SR-05-20.xml,2,652,2,240
./images/175.E 6962 PAA-02-21.xml,4,534,2,238
./images/183.E 5266 TS-12-22.xml,11,225,2,91
./images/164.E 3543 PAG-09-21.xml,36,635,19,274
./images/300.E 5105 OD-12-21.xml,1,349,2,144
./images/IMG-20180108-WA0119.xml,289,374,329,360
./images/20171214_121617.xml,1,3264,41,1534
./images/100.E 6467 QW-09-20.xml,5,429,7,158
./images/131.E 5789 QD-12-18.xml,6,255,6,102
./images/259.E 3154 QO-11-19.xml,2,268,2,106
./images/203.E 3071 TC-10-21.xml,1,95,3,42
./images/266.E 4299 SZ-09-21.xml,2,666,2,304
./images/257.E 4553 QT-06-20.xml,5,268,9,131
./images/IMG-20180108-WA0106.xml,266,392,225,284
./images/290.E 2157 PAO-06-22.xml,1,695,3,425
./images/302.E 3922 OI-05-19.xml,1,89,3,38
./images/138.E 4746 PAI-12-21.xml,4,812,2,287
./images/122.E 3206 PAO-06-22.xml,9,625,6,215
./images/233.E 3407 PAB-03-21.xml,10,195,10,79
./images/279.E 3405 S-11-20.xml,9,197,4,93
./images/20171212_142342.xml,1,3264,166,1556
./images/123.E 4603 PAE-07-21.xml,7,251,6,127
./images/103.E 6387 PL-04-20.xml,3,384,2,144
./images/20171210_212912.xml,118,3131,217,1711
./images/IMG-20180108-WA0110.xml,507,549,331,346
./images/206.E 2253 RB-01-21.xml,17,1008,12,415
./images/155.E 3392 TZ-07-18.xml,1,332,1,146
./images/255.E 6527 OD-02-20.xml,1,64,2,30
./images/149.E 4217 TT-01-18.xml,1,372,8,154
./images/301.E 6893 PAD-06-21.xml,4,785,6,277
./images/20171212_141203.xml,119,3214,279,1402
./images/232.E 6140 QO-12-19.xml,7,267,7,105
./images/20171211_110659.xml,1,3264,59,1387
./images/187.E 6737 SS-01-21.xml,1,665,2,266
./images/27.E 3524 PAG-09-21.xml,6,454,4,161
./images/139.E 5515 QG-04-19.xml,14,293,1,121
./images/20171212_124357.xml,3,3264,218,1668
./images/20171211_122519.xml,1,3264,213,1643
./images/234.E 3904 P-03-16.xml,24,903,36,399
./images/269.E 2101 TJ-02-22.xml,3,360,2,159
./images/108.E 5860 ST-03-21.xml,3,79,5,38
./images/270.E 2891 TT-01-18.xml,3,176,7,80
./images/IMG-20180108-WA0116.xml,357,472,358,418
./images/173.E 4019 TL-05-22.xml,3,1123,1,357
./images/211.E 3313 QX-10-20.xml,1,794,22,334
./images/277.E 6802 PAH-11-21.xml,1,71,3,37
./images/182.E 3996 RS-08-17.xml,1,686,1,361
./images/18.E 3865 PAF-08-21.xml,1,753,2,308
./images/248.E 4212 SS-01-21.xml,1,569,11,247
./images/207.E 4396 RU-12-17.xml,1,421,4,168
./images/158.E 5737 PAB-03-21.xml,1,87,1,67
./images/241.E 4510 PL-03-20.xml,1,377,1,174
./images/128.E 4877 SV-05-21.xml,1,98,1,39
./images/358.E 3438 SJ-10-19.xml,7,186,10,88
./images/20171211_160452.xml,3,3264,149,1547
./images/24.E 6520 PAC-05-21.xml,6,806,11,284
./images/276.E 2810 PAD-05-21.xml,2,708,2,282
./images/359.E 6270 OZ-01-21.xml,13,516,5,198
./images/20171211_084300.xml,342,3011,290,1559
./images/IMG-20180108-WA0112.xml,238,316,322,360
./images/20171211_154939.xml,11,3264,18,1509
./images/20171214_121636.xml,11,3264,10,1474
./images/186.E 6173 IM-11-18.xml,1,374,1,148
./images/292.E 4890 QE-01-19.xml,8,346,1,134
./images/114.E 3536 O-06-10.xml,1,102,6,42
./images/202.E 2965 TO-07-22.xml,1,708,1,320
./images/20171212_124449.xml,32,3264,115,1502
./images/152.E 3772 SV-05-16.xml,2,619,2,266
./images/141.E 3860 PAK-02-22.xml,4,666,14,246
./images/227.E 2075 OD-11-18.xml,1,88,1,31
./images/157.E 6735 QV-08-20.xml,11,305,4,113
./images/137.E 4958 QS-05-20.xml,1,210,6,84
./images/275.E 4986 SO-10-20.xml,2,125,1,71
./images/20171211_110642.xml,3,3264,331,1539
./images/12.E 2462 QF-02-19.xml,3,352,4,150
./images/200.E 6978 OW-09-20.xml,2,97,3,43
./images/IMG-20180108-WA0121.xml,731,913,561,671
./images/271.E 2381 PAH-10-21.xml,3,522,5,218
./images/196.E 6843 SV-06-21.xml,1,179,4,74
./images/297.E 1169 PY-05-20.xml,6,622,14,180
./images/14.E 1129 RP-07-18.xml,4,313,10,87
./images/20171212_142228.xml,1,3264,59,1480
./images/140.E 5997 QP-01-20.xml,3,84,2,41
./images/20171211_132834.xml,121,3264,254,1500
./images/190.E 5621 OV-08-20.xml,1,82,1,39
./images/355.E 6547 PAF-09-21.xml,5,453,3,173
./images/247.E 2148 RI-01-16.xml,15,1201,3,505
./images/181.E 3708 TU-06-15.xml,1,330,2,141
./images/20171212_100559.xml,8,3264,172,1498
./images/107.E 4145 QZ-12-20.xml,16,576,9,183
./images/268.E 6752 SN-04-18.xml,1,243,1,93
./images/224.E 5085 SD-03-19.xml,5,219,2,101
./images/287.E 6272 PAJ-02-22.xml,1,348,1,144
./images/191.E 3690 ZV-02-20.xml,3,1280,35,566
./images/125.E 4172 QB-11-22.xml,4,572,1,215
./images/216.E 4406 PAG-09-21.xml,14,420,1,171
./images/163.E 6804 RV-02-19.xml,14,462,3,177
./images/IMG-20180108-WA0061.xml,38,129,351,388
./images/324.E 5854 PAP-08-22.xml,2,362,1,144
./images/IMG-20180108-WA0099.xml,518,648,292,335
./images/342.E 2544 QD-11-18.xml,1,274,1,118
./images/IMG-20180108-WA0089.xml,172,250,236,292
./images/IMG-20180108-WA0071.xml,503,609,227,281
./images/86.E 5202 TA-03-19.xml,1,647,1,274
./images/64.E 5561 OI-06-19.xml,4,672,1,259
./images/IMG-20180108-WA0103.xml,569,629,264,294
./images/IMG-20180108-WA0065.xml,228,318,245,295
./images/IMG-20180108-WA0082.xml,487,653,337,387
./images/77.E 6295 QL-09-19.xml,4,275,1,119
./images/97.E 6457 CA-11-21.xml,2,724,1,257
./images/IMG-20180108-WA0035.xml,74,154,352,392
./images/62.E 3977 TH-12-18.xml,1,87,4,37
./images/IMG-20180108-WA0097.xml,239,346,381,413
./images/349.E 4378 SG-07-19.xml,3,458,3,185
./images/IMG-20180108-WA0056.xml,178,305,243,308
./images/54.E 5627 SF-06-19.xml,2,77,3,39
./images/329.E 5078 QF-02-19.xml,27,801,2,391
./images/IMG-20180108-WA0101.xml,156,220,314,352
./images/85.E 2686 QH-04-19.xml,2,377,10,153
./images/83.E 4147 QJ-06-19.xml,3,156,1,138
./images/63.E 2536 SA-09-18.xml,2,128,5,52
./images/IMG-20180108-WA0055.xml,223,278,390,415
./images/90.E 5811 RO-10-18.xml,1,364,5,135
./images/IMG-20180108-WA0076.xml,441,599,346,398
./images/311.E 3593 TF-10-19.xml,1,825,3,344
./images/346.E 6511 QV-09-20.xml,1,442,1,166
./images/91.E 6554 ZL-05-22.xml,1,782,30,307
./images/303.E 6888 SC-11-21.xml,6,172,8,74
./images/IMG-20180108-WA0080.xml,499,578,282,323
./images/68.E 1267 RB-01-21.xml,19,620,11,208
./images/313.E 5971 TO-08-22.xml,1,135,1,58
./images/IMG-20180108-WA0104.xml,224,405,382,492
./images/332.E 4876 Q-08-18.xml,2,68,5,30
./images/IMG-20180108-WA0093.xml,225,346,538,583
./images/88.E 3118 QP-01-20.xml,1,362,13,140
./images/47.E 4240 RY-06-19.xml,5,187,5,90
./images/330.E 5869 PAA-02-21.xml,2,452,7,141
./images/IMG-20180108-WA0020.xml,278,392,564,600
./images/37.E 4127 QI-05-19.xml,19,933,6,390
./images/312.E 3212 OL-08-19.xml,5,623,5,240
./images/65.E 4235 PAL-04-22.xml,13,366,12,146
./images/44.E 5197 PAA-02-21.xml,1,407,3,1275
./images/IMG-20180108-WA0063.xml,498,584,360,405
./images/4.E 6226 YZ-12-19.xml,6,189,3,68
./images/IMG-20180108-WA0043.xml,453,620,372,435
./images/78.E 1245 RG-02-20.xml,7,102,9,42
./images/6.E 3237 QY-11-20.xml,7,437,11,154
./images/IMG-20180108-WA0036.xml,79,182,232,285
./images/IMG-20180108-WA0075.xml,740,855,214,291
./images/343.E 6894 SB-11-19.xml,2,309,1,120
./images/39.E 6716 QR-04-20.xml,1,355,1,129
./images/341.E 6047 QT-07-20.xml,12,98,8,190
./images/66.E 1477 RB-02-21.xml,10,537,8,137
./images/82.E 4993 TI-01-22.xml,9,187,13,76
./images/IMG-20180108-WA0054.xml,378,465,229,287
./images/344.E 6393 TZ-07-18.xml,1,154,5,68
./images/IMG-20180108-WA0072.xml,301,373,645,670
./images/348.E 4160TQ-10-17.xml,1,307,1,129
./images/334.E 5195 PL-04-20.xml,1,534,3,224
./images/IMG-20180108-WA0091.xml,365,445,360,391
./images/IMG-20180108-WA0053.xml,44,89,111,139
./images/55.E 6214 PAO-09-22.xml,17,886,28,359
./images/323.E 4886 TM-06-22.xml,1,310,1,129
./images/307.E 4238 QC-11-18.xml,1,313,2,126
./images/IMG-20180108-WA0052.xml,840,937,172,222
./images/347.E 6765 PAD-06-21.xml,5,403,1,151
./images/IMG-20180108-WA0098.xml,602,745,388,463
./images/IMG-20180108-WA0037.xml,72,118,228,248
./images/75.E 2956 RP-03-22.xml,1,241,2,93
./images/34.E 2987 QC-10-18.xml,2,410,5,154
./images/IMG-20180108-WA0085.xml,536,599,344,381
./images/IMG-20180108-WA0094.xml,157,239,279,306
./images/333.E 2247 RY-05-18.xml,2,688,5,275
./images/81.E 3115 SN-06-20.xml,3,92,3,34
./images/71.E 2478 QK-07-19.xml,2,203,2,93
./images/IMG-20180108-WA0058.xml,249,353,206,260
./images/IMG-20180108-WA0062.xml,153,224,277,310
./images/IMG-20180108-WA0088.xml,134,355,293,387
./images/335.E 3405 PAH-10-21.xml,4,491,12,188
./images/317.E 5064 SE-05-19.xml,1,727,1,292
./images/72.E 4903 TR-11-22.xml,1,400,1,168
./images/IMG-20180108-WA0039.xml,802,926,324,385
./images/337.E 3955 PAK-02-22.xml,16,688,1,356
./images/93.E 5277 PW-09-18.xml,6,162,8,78
./images/70.E 4310 OR-03-20.xml,13,775,1,269
./images/IMG-20180108-WA0021.xml,478,495,111,119
./images/7.E 4594 Q-08-18.xml,5,220,2,106
./images/IMG-20180108-WA0038.xml,149,228,357,408
./images/IMG-20180108-WA0018.xml,657,766,331,371
./images/331.E 2843 HB-08-21.xml,1,349,5,142
./images/IMG-20180108-WA0074.xml,814,865,310,328
./images/339.E 4966 SN-07-20.xml,3,78,1,33
./images/IMG-20180108-WA0017.xml,237,326,341,382
./images/314.E 3016 SB-10-18.xml,24,405,1,159
./images/IMG-20180108-WA0028.xml,440,493,402,440
./images/350.E 3577 PAI-12-21.xml,9,436,7,154
./images/IMG-20180108-WA0066.xml,115,191,303,346
./images/IMG-20180108-WA0047.xml,324,444,306,360
./images/43.E 5736 PAQ-09-22.xml,1,339,2,128
./images/IMG-20180108-WA0095.xml,438,539,347,387
./images/5.E 6862 QT-06-20.xml,7,135,6,59
./images/49.E 5441 SA-11-19.xml,6,395,5,162
./images/IMG-20180108-WA0081.xml,667,738,231,262
./images/IMG-20180108-WA0060.xml,329,439,287,340
./images/IMG-20180108-WA0032.xml,132,231,323,366
./images/57.E 5893 SH-05-20.xml,11,831,20,336
./images/79.E 4564 SZ-09-21.xml,1,397,2,163
./images/69.E 5792 TT-01-22.xml,4,66,1,26
./images/IMG-20180108-WA0040.xml,702,804,215,272
./images/304.E 5381 PAB-03-21.xml,9,484,10,189
./images/IMG-20180108-WA0024.xml,329,370,583,597
./images/IMG-20180108-WA0078.xml,259,412,293,387
./images/IMG-20180108-WA0069.xml,892,957,164,184
./images/IMG-20180108-WA0084.xml,145,245,332,377
./images/51.E 3083 PAH-10-21.xml,24,411,17,149
./images/328.E 1992 RN-04-22.xml,1,99,1,106
./images/9.E 2633 RO-11-16.xml,1,341,1,150
./images/318.E 5827 QT-06-20.xml,14,180,9,83
./images/IMG-20180108-WA0041.xml,823,915,293,323
./images/IMG-20180108-WA0057.xml,791,881,260,306
./images/IMG-20180108-WA0046.xml,214,370,269,326
./images/IMG-20180108-WA0087.xml,686,734,356,381
./images/IMG-20180108-WA0100.xml,459,602,374,414
./images/94.E 2118 ST-01-21.xml,1,472,2,192
./images/IMG-20180108-WA0050.xml,724,816,323,381
./images/IMG-20180108-WA0044.xml,529,619,226,274
./images/41.E 2648 QI-05-19.xml,8,256,10,111
./images/IMG-20180108-WA0068.xml,773,836,307,342
./images/321.E 3255 TN-12-20.xml,10,892,19,350
./images/74.E 2393 TT-01-18.xml,4,125,2,53
./images/IMG-20180108-WA0070.xml,425,489,254,291
./images/IMG-20180108-WA0029.xml,264,379,272,334
./images/IMG-20180108-WA0092.xml,85,141,293,324
./images/35.E 5026 SF-06-18.xml,1,777,1,296
./images/IMG-20180108-WA0042.xml,470,549,269,307
./images/IMG-20180108-WA0033.xml,159,249,304,345
./images/IMG-20180108-WA0048.xml,826,880,306,331
./images/IMG-20180108-WA0031.xml,237,317,291,328
./images/33.E 5216 TI-11-21.xml,16,608,9,254
./images/327.E 5071 SS-01-21.xml,36,1875,30,788
./images/IMG-20180108-WA0034.xml,183,262,536,560
./images/309.E 6140 OX-11-20.xml,3,420,3,170
./images/IMG-20180108-WA0067.xml,729,835,361,408
./images/87.E 6673 ZQ-04-18.xml,3,406,1,165
./images/IMG-20180108-WA0051.xml,733,866,378,447
./images/IMG-20180108-WA0023.xml,533,607,377,406
./images/45.E 4836 QM-10-19.xml,10,262,1,105
./images/IMG-20180108-WA0027.xml,342,475,335,389
./images/99.E 2984 TW-04-18.xml,4,67,3,29
./images/326.E 3758 RW-04-18.xml,2,405,2,161
./images/31.E 5235 RO-11-16.xml,9,258,8,115
./images/336.E 2909 TP-12-21.xml,2,468,2,196
./images/IMG-20180108-WA0026.xml,234,320,323,362
./images/50.E 6691 PAB-04-21.xml,12,160,10,63
./images/61.E 6472 SB-11-18.xml,6,137,4,63
./images/IMG-20180108-WA0045.xml,694,799,310,360
./images/IMG-20180108-WA0096.xml,491,639,333,381
./images/IMG-20180108-WA0102.xml,547,616,275,300
./images/8.E 3396 TO-08-22.xml,15,748,3,424
./images/76.E 5361 TI-01-18.xml,11,192,9,90
./images/IMG-20180108-WA0022.xml,113,192,349,386
./images/59.E 2153 SP-08-20.xml,1,640,1,408
./images/73.E 5043 PAL-04-22.xml,21,864,1,347
./images/IMG-20180108-WA0079.xml,804,879,290,328
./images/48.E 6073 OL-09-19.xml,1,86,4,39
./images/IMG-20180108-WA0019.xml,15,96,258,282
./images/67.E 4387 SK-11-21.xml,1,517,4,214
./images/92.E 3912 P-05-21.xml,1,412,1,159
./images/IMG-20180108-WA0086.xml,603,683,277,324
./images/IMG-20180108-WA0073.xml,679,788,193,248
./images/53.E 3288 QU-06-20.xml,102,1617,90,643
./images/340.E 4235 RP-01-22.xml,6,633,1,266
./images/IMG-20180108-WA0030.xml,256,380,464,506
./images/95.E 6686 SK-01-20.xml,1,303,1,122
./images/IMG-20180108-WA0077.xml,830,907,290,336
./images/IMG-20180108-WA0025.xml,179,272,258,296
./images/IMG-20180108-WA0059.xml,541,662,211,279
./images/IMG-20180108-WA0090.xml,362,456,328,369
./images/322.E 8767 TG-11-22.xml,26,191,34,119
./images/IMG-20180108-WA0064.xml,853,915,332,357
./images/IMG-20180108-WA0083.xml,448,603,372,412
./images/315.E 6091 TV-04-18.xml,13,239,13,107
./images/38.E 3747 RE-08-15.xml,2,424,1,178
./images/agya2.xml,441,517,273,328
./images/agya3.xml,120,231,382,479
./images/agya4.xml,454,574,340,405
./images/agya5.xml,262,375,408,463
./images/agya6.xml,389,627,535,627
./images/agya7.xml,664,842,455,548
./images/agya20.xml,532,692,433,530
./images/agya23.xml,403,578,396,457
./images/agya27.xml,136,214,318,380
./images/agya31.xml,251,401,292,348
./images/agya32.xml,91,203,261,333
./images/agya36.xml,467,557,329,395
./images/agya37.xml,110,205,302,368
./images/agya38.xml,405,533,304,391
./images/avanza1.xml,661,767,665,736
./images/avanza8.xml,179,250,348,411
./images/avanza10.xml,92,186,350,417
./images/avanza13.xml,221,349,451,525
./images/avanza19.xml,122,217,333,398
./images/avanza20.xml,214,281,217,248
./images/avanza28.xml,377,559,549,604
./images/avanza30.xml,630,812,500,577
./images/avanza39.xml,44,107,179,214
./images/brio5.xml,93,206,634,732
./images/brio8.xml,100,173,337,361
./images/brio29.xml,182,298,225,266
./images/brio31.xml,531,747,739,845
./images/crv3.xml,173,331,360,415
./images/crv6.xml,276,368,300,335
./images/crv7.xml,114,166,187,219
./images/crv9.xml,43,105,201,247
./images/crv13.xml,179,378,491,589
./images/crv14.xml,229,386,470,527
./images/crv15.xml,376,584,513,571
./images/crv16.xml,184,302,306,348
./images/crv25.xml,334,540,445,518
./images/crv26.xml,183,326,319,364
./images/crv27.xml,51,132,304,372
./images/crv36.xml,619,709,381,462
./images/crv37.xml,673,734,402,471
./images/crv39.xml,224,369,355,410
./images/fortuner4.xml,789,860,315,404
./images/fortuner6.xml,3087,3412,1842,2147
./images/fortuner25.xml,149,223,413,485
./images/fortuner26.xml,667,761,387,449
./images/fortuner27.xml,114,238,444,533
./images/fortuner30.xml,653,762,441,524
./images/fortuner31.xml,650,747,455,521
./images/fortuner34.xml,54,119,247,293
./images/fortuner35.xml,336,425,326,373
./images/fortuner37.xml,483,540,273,333
./images/fortuner38.xml,473,562,326,393
./images/hitam_01.xml,269,359,256,293
./images/hitam_02.xml,342,423,317,356
./images/hitam_03.xml,161,285,290,383
./images/hitam_04.xml,85,154,156,196
./images/hitam_05.xml,336,389,270,300
./images/hitam_07.xml,121,207,263,295
./images/hitam_08.xml,181,313,324,368
./images/hitam_10.xml,243,393,353,407
./images/hitam_11.xml,54,183,217,338
./images/hitam_12.xml,136,190,112,135
./images/hitam_13.xml,204,319,194,241
./images/hitam_15.xml,109,182,356,439
./images/hitam_16.xml,327,383,171,193
./images/hitam_17.xml,184,319,350,396
./images/hitam_18.xml,161,226,320,358
./images/hitam_19.xml,537,699,370,451
./images/hitam_20.xml,155,333,266,344
./images/hitam_21.xml,195,281,146,181
./images/hitam_22.xml,317,400,220,261
./images/hitam_23.xml,400,456,293,329
./images/hitam_24.xml,173,368,271,326
./images/hitam_25.xml,634,709,264,296
./images/hitam_26.xml,508,576,285,312
./images/hitam_28.xml,161,290,383,440
./images/hitam_29.xml,325,420,267,308
./images/hitam_30.xml,156,330,425,500
./images/hitam_32.xml,189,344,377,426
./images/hitam_33.xml,38,125,366,434
./images/hitam_34.xml,194,240,139,167
./images/hitam_35.xml,209,325,312,362
./images/hitam_36.xml,193,304,358,425
./images/hitam_37.xml,310,415,243,281
./images/hitam_38.xml,495,653,443,525
./images/hitam_40.xml,33,98,291,358
./images/hrv1.xml,485,560,253,316
./images/hrv2.xml,350,418,266,313
./images/hrv3.xml,85,145,292,335
./images/hrv4.xml,270,519,474,560
./images/hrv9.xml,339,608,714,812
./images/hrv10.xml,93,211,614,691
./images/hrv13.xml,328,528,665,732
./images/hrv14.xml,178,287,183,218
./images/hrv32.xml,89,160,296,363
./images/hrv33.xml,525,611,265,348
./images/hrv35.xml,474,571,245,317
./images/hrv38.xml,725,893,406,456
./images/jazz2.xml,513,631,336,379
./images/jazz3.xml,190,296,375,407
./images/jazz4.xml,176,303,356,394
./images/jazz5.xml,38,132,307,369
./images/jazz7.xml,90,185,285,368
./images/jazz9.xml,189,320,472,509
./images/jazz10.xml,109,221,256,290
./images/jazz11.xml,379,563,483,541
./images/jazz12.xml,404,626,494,552
./images/jazz13.xml,344,587,455,522
./images/jazz14.xml,198,299,208,240
./images/jazz21.xml,660,770,386,480
./images/jazz26.xml,290,411,285,327
./images/jazz27.xml,263,437,328,381
./images/jazz28.xml,194,290,233,262
./images/jazz30.xml,227,372,476,515
./images/jazz33.xml,2334,2790,1437,1766
./images/jazz36.xml,238,368,322,364
./images/jazz37.xml,262,420,357,402
./images/r001.xml,303,398,381,440
./images/r002.xml,362,455,308,376
./images/r003.xml,405,490,160,194
./images/r004.xml,346,513,235,311
./images/r005.xml,240,378,310,353
./images/r006.xml,392,490,341,387
./images/r007.xml,412,540,471,518
./images/r008.xml,534,614,310,364
./images/r009.xml,542,640,310,338
./images/r010.xml,211,361,315,360
./images/r011.xml,157,236,240,277
./images/r012.xml,411,514,325,385
./images/r013.xml,291,367,227,252
./images/r014.xml,242,401,397,451
./images/r015.xml,367,446,216,255
./images/r016.xml,492,593,296,338
./images/r017.xml,453,555,293,342
./images/r018.xml,136,210,227,256
./images/r019.xml,79,516,283,432
./images/r020.xml,355,469,280,327
./images/r021.xml,182,263,207,252
./images/r022.xml,251,334,245,288
./images/r023.xml,409,705,621,736
./images/r024.xml,80,234,223,279
./images/r025.xml,58,118,289,327
./images/r026.xml,283,411,384,490
./images/r027.xml,269,374,276,316
./images/r028.xml,272,329,222,264
./images/r029.xml,423,517,257,311
./images/r030.xml,396,465,351,380
./images/r031.xml,513,913,1320,1510
./images/r032.xml,949,1461,1624,1834
./images/r033.xml,515,1230,1294,1859
./images/r034.xml,639,1586,2498,2873
./images/r035.xml,1076,2047,1161,1440
./images/r037.xml,722,1851,2912,3186
./images/r038.xml,513,1470,2515,2869
./images/r039.xml,807,1822,2689,3105
./images/r040.xml,988,1787,2552,3002
./images/r041.xml,1436,2028,2493,2986
./images/r042.xml,584,1099,2298,3032
./images/swift1.xml,181,333,314,371
./images/swift4.xml,187,311,319,357
./images/swift5.xml,32,85,195,256
./images/swift6.xml,106,218,414,483
./images/swift7.xml,249,393,344,392
./images/swift9.xml,196,334,392,469
./images/swift10.xml,347,390,168,204
./images/swift11.xml,326,380,219,278
./images/swift12.xml,334,376,207,233
./images/swift13.xml,456,555,309,359
./images/swift17.xml,568,698,418,506
./images/swift18.xml,309,409,280,326
./images/swift21.xml,248,393,344,391
./images/swift23.xml,676,791,379,499
./images/swift27.xml,43,116,194,245
./images/swift28.xml,730,825,423,524
./images/swift30.xml,45,174,393,499
./images/swift31.xml,224,380,324,377
./images/swift32.xml,625,786,465,553
./images/swift34.xml,89,196,408,495
./images/swift35.xml,500,571,265,342
./images/terios6.xml,534,621,298,357
./images/terios36.xml,75,179,349,433
./images/xpander5.xml,436,601,574,623
./images/xpander6.xml,2123,2536,1038,1230
./images/xpander9.xml,116,253,534,633
./images/xpander12.xml,563,795,605,679
./images/xpander13.xml,142,216,372,431
./images/xpander14.xml,327,506,605,655
./images/xpander17.xml,700,774,337,391
./images/xpander27.xml,198,389,423,511
./images/xpander34.xml,763,912,346,417
./images/xpander35.xml,64,115,227,260
./images/2020_02_14-17_03_51_5d78aab8c929e78ad0d08245a0b4cf35_620x413_thumb.xml,58,169,369,410
./images/3900.xml,334,423,297,335
./images/144535_a1.xml,208,317,268,309
./images/517827.xml,414,578,319,407
./images/20120315_Angkot_Minta_Subsidi_Khusus_BBM_.xml,379,459,242,274
./images/17b620d2-fa63-404b-8bff-6f532128990b.xml,114,413,204,290
./images/60e3e6ba0a222.xml,455,563,345,388
./images/98e44942-7668-47e8-a1d8-f49eb1482222.xml,133,320,286,351
./images/2019-03-10.xml,525,967,792,938
./images/5d6410fa3e9f9.xml,497,585,316,351
./images/5eccea996dd88.xml,168,231,297,345
./images/184600_062016_lexustni2.xml,224,308,142,179
./images/20210527_135049jpg-20210527015132.xml,291,404,339,378
./images/24377691_A1.xml,93,593,230,433
./images/2461939079.xml,259,419,372,433
./images/3671090417.xml,393,713,120,258
./images/181114141818-615.xml,416,530,407,468
./images/20160226054740106.xml,127,217,356,393
./images/angkut-penumpang-taksi-blue-bird-dihujani-batu-GkpkLlu3fR.xml,351,517,320,377
./images/blue-bird-bandung.xml,232,320,271,315
./images/blue-bird-jibi.xml,43,156,244,279
./images/BUS ASKAB.xml,432,616,1092,1158
./images/city_traffic.xml,708,990,1356,1494
./images/D2EmUFPU0AAKapW.xml,168,369,437,575
./images/e2133d7e-072f-441f-ad31-4a21d2414651_43.xml,230,319,203,239
./images/Ilustrasi-Plat-Nomor-motor.xml,193,550,22,410
./images/IMG-20210829-WA0027-71fb5d926d7k86zqsxx31ffdppc5rzi0mugjmwbltxs.xml,535,735,663,726
./images/jual_mobil_angkot_dan_trayek_dago__caringin_2198396_1501560377.xml,189,302,256,296
./images/krqg9nbrctpueo7urfyl.xml,143,302,548,611
./images/mobil-dinas-milik-puspomad-yang-dipinjampakaikan-kepada-kolonel-cpm_201005085545-718.xml,384,484,350,391
./images/mobil-taxi-blue-bird.xml,195,308,166,206
./images/plat nomor angkot.xml,105,224,111,155
./images/Supir-truk-Pingsan-di-KM-94-Tol-Cipali.xml,397,535,622,661
./images/taksi-reguler-jenis-multi-purpose-vehicle-mpv-honda-mobilio-yang-diluncurkan-pt-blue-bird-tbk_20160323_132313.xml,86,179,250,302
./images/taxi-02.xml,255,349,203,239
./images/trayek03.xml,506,615,362,406
./images/warga-mengantre-menunggu-taksi-blue-bird-di-kawasan-senayan-_160323155404-813.xml,339,435,392,428
./images/WhatsApp-Image-2020-10-16-at-14.19.12.xml,437,767,300,463
./images/wpid-vaiss-plat-nomor.xml,144,346,281,366
./images/027891700_1620721435-liputan6-plat-nomor-01.xml,249,338,191,221
./images/046373500_1602669069-1058079-plat-kendaraan-kocak.xml,365,785,104,259
./images/828801717.xml,176,521,163,292
./images/3403092507.xml,188,438,204,317
./images/1413778138111735851.xml,231,360,296,340
./images/mobil-mau-pakai-plat-nomor-cantik-segini-kisaran-harganya-tda.xml,287,421,203,248
./images/modifikasi-plat-nomor-mobil-2-0a57.xml,150,270,232,276
./images/pelat-nomor-khusus-anggota-dpr-ri.xml,19,74,208,233
./images/photo_2022-05-19_14-41-44.xml,423,1041,296,566
./images/photo_2022-05-19_14-42-48.xml,103,735,396,692
./images/photo_2022-05-21_14-40-29.xml,397,973,468,654
./images/photo_2022-05-21_14-40-30.xml,513,908,459,612
./images/photo_2022-05-21_14-40-31.xml,459,747,344,463
./images/photo_2022-05-21_14-40-32.xml,235,1077,245,618
./images/photo_2022-05-21_14-40-39.xml,305,859,324,496
./images/photo_2022-05-21_14-40-40.xml,249,992,438,597
./images/photo_2022-05-21_14-40-41.xml,280,968,460,635
./images/photo_2022-05-21_14-40-42.xml,399,976,472,648
./images/photo_2022-05-21_14-40-44.xml,219,633,606,734
./images/pjimage-2020-10-05T113451.573.xml,152,251,299,333
./images/Plat-mobil.xml,8,217,218,285
./images/Plat-Nomor-Cantik-Twitter.xml,138,479,119,242
./images/plat-nomor-dalam.xml,56,226,95,159
./images/plat_nomor_mobil_acrylik_dgn_lampu_led_nyala_di_huruf_dan_angka_2360709_1469372198.xml,136,362,106,169
./images/images (2).xml,125,204,98,122
./images/images.xml,76,126,192,209
./images/b5mrhhwjlp7lrudti9dm.xml,245,431,152,208
./images/cek-pemilik-plat-nomer-kendaraan-online.xml,596,939,249,359
./images/eae83a3208854c0aa5239b0498cb51ea.xml,140,228,269,301
./images/hebot-plat-nomor-mobil-esemka-dianggap-gaib-oleh-netizen-ini-jawabannya-wcz.xml,209,403,452,515
./images/rfz.xml,210,510,190,286
./images/Angkot KPUM.xml,793,1110,681,831
./images/173825558_960963494645439_6161361978855542550_n.xml,159,307,497,536
./images/283772291_5774528405896379_2337245100766259103_n.xml,245,360,407,439
./images/283752661_127800369878644_6506652949707091571_n.xml,364,558,439,544
./images/283746611_780750933300195_9051836710984797497_n.xml,237,339,310,349
./images/283680031_386719126806916_5366239049852063447_n.xml,134,202,233,261
./images/283629607_302505432083935_6011278828135702704_n.xml,211,452,748,832
./images/283591243_1183431185833570_4679048293039654196_n.xml,172,317,474,526
./images/283585820_5773085002705692_6400959734122875566_n.xml,234,353,231,278
./images/283582584_187774433587335_2639347374249383282_n.xml,193,309,362,398
./images/283563846_1455424658209184_4518716149860720224_n.xml,183,297,224,287
./images/283554748_445944897533049_5604658345704093528_n.xml,192,391,384,452
./images/283554731_5461637787214398_293111057731027620_n.xml,254,367,349,385
./images/283547570_717027079714174_6823987528158524630_n.xml,208,417,340,400
./images/283547128_5083804475046840_4624236826518374964_n.xml,248,492,1036,1119
./images/283537562_5767874709907710_4322247618444169699_n.xml,111,229,335,386
./images/283529312_5497317386946116_7314913942595526072_n.xml,149,287,476,525
./images/283519594_541066270948360_8124160841963585336_n.xml,166,290,423,465
./images/283498347_5193407134047860_1843173190894559815_n.xml,207,375,397,459
./images/283478003_397597258954149_8797035732554791124_n.xml,224,364,243,295
./images/283452341_5021561761284772_1832297815519845846_n.xml,58,101,119,135
./images/283452338_511155844037606_4183859900481107731_n.xml,401,633,547,614
./images/283431620_150189960909606_5226215454757686589_n.xml,75,302,237,331
./images/283419482_1072409560341514_555480816535901228_n.xml,556,840,745,863
./images/283416745_107223495332438_6101513619453403366_n.xml,393,645,430,518
./images/283362683_1057029221563076_7308981676855409144_n.xml,86,183,200,244
./images/283343375_169440475541889_2139446998055600829_n.xml,169,306,436,483
./images/283334709_5140271732720376_3703826415974881017_n.xml,356,571,647,723
./images/283318485_1346798559174586_7188281909411793886_n.xml,147,283,401,445
./images/283315192_171439805245515_6894891288115622147_n.xml,226,345,340,381
./images/283277349_6074655632597021_9020620402980953557_n.xml,227,387,203,254
./images/283256480_127010016627547_5079876225787789980_n.xml,258,373,248,283
./images/283247474_5458196350891875_3902746275483737904_n.xml,270,360,290,321
./images/283244826_7494753720565947_2612816009185942983_n.xml,196,372,308,370
./images/283239038_401387691885512_3286734144843109145_n.xml,243,346,340,370
./images/283225861_1657197151328390_8757530664071874165_n.xml,236,359,248,281
./images/283222063_315954444034184_6742827224304542109_n.xml,102,190,354,386
./images/283216577_171944071875860_4192813816163887073_n.xml,510,988,1373,1502
./images/283214557_10159220478801656_824301627950636844_n.xml,261,368,250,277
./images/283213047_2603072823160239_699470236122673571_n.xml,241,392,319,355
./images/283196699_3100248980287640_5776272659481343794_n.xml,130,234,232,273
./images/283195543_3100233690289169_6287768613165091711_n.xml,260,369,250,280
./images/283188188_1341359723053369_4820305560992788576_n.xml,126,220,382,414
./images/283181186_146918297902899_6518817719037648989_n.xml,201,540,665,797
./images/283170686_1022945258322442_6175926967030095440_n.xml,121,226,426,454
./images/283160021_6074668142595770_8224255202657058877_n.xml,198,373,307,358
./images/283151205_4934578123337644_1747200005466646687_n.xml,232,357,254,293
./images/283150426_564627258578650_7943546258442744319_n.xml,315,409,266,296
./images/283150099_1657229624658476_63846440582120404_n.xml,233,357,260,295
./images/283139178_10219339445190889_7148867228247215258_n.xml,108,173,149,169
./images/283129700_1204137540332687_3628682886021503040_n.xml,168,278,404,441
./images/283121114_535029581480648_8581910006325286112_n.xml,268,369,360,398
./images/283100793_5399559526756349_8761328097646031684_n.xml,129,228,276,317
./images/283089339_5455916531119857_8392734071263472325_n.xml,245,361,337,375
./images/283078784_5458220087556168_2151381364616491748_n.xml,260,364,319,354
./images/283062645_124481160245809_4595312665347260457_n.xml,279,379,325,369
./images/283060385_3100387606940444_4285636392227253213_n.xml,243,358,212,256
./images/283033836_1183895472430786_8949922389186671539_n.xml,250,347,342,377
./images/283016085_5452583364786507_2879505816246884293_n.xml,254,364,240,282
./images/283007202_5930668133615752_4890103974951087313_n.xml,166,309,461,503
./images/282702994_155952980259292_3457928728865767851_n.xml,49,82,110,122
./images/282675859_173531065038746_7615854194816369510_n.xml,165,370,429,484
./images/282671629_2190418581106847_1664814954315918238_n.xml,248,369,305,350
./images/282656950_715388649608762_8598143639775171798_n.xml,157,288,312,363
./images/282570465_1206240066580064_2279820609469712787_n.xml,52,105,132,146
./images/282564925_769627150731220_8627734382235848409_n.xml,171,298,351,396
./images/282558813_111607914886024_3787471376932566921_n.xml,182,302,340,401
./images/282558435_885653969497950_6976174987310259259_n.xml,208,404,332,396
./images/282464139_340884764832544_5191913963571968329_n.xml,259,377,259,296
./images/282464131_1615007495566645_1113617263830130352_n.xml,167,285,419,457
./images/282406695_1183153642504969_73159213488505555_n.xml,244,342,360,392
./images/282381251_1160490654741881_8779766173902280199_n.xml,60,237,217,285
./images/282273548_5451775548200622_5049745538696294233_n.xml,233,353,350,387
./images/282189433_5448696065175237_8147811340321086718_n.xml,253,356,318,351
./images/282164012_5458926274152216_876464075318920106_n.xml,250,350,325,365
./images/282163717_5077493112297742_5787788944470171706_n.xml,249,321,66,101
./images/282126764_1184003139086686_3528918453000742476_n.xml,270,369,363,393
./images/282124824_530033925435786_3395514227663354013_n.xml,87,304,21,126
./images/282107299_1454040371720222_5874717388917247396_n.xml,253,414,538,594
./images/282101670_747961026213263_1196500680338943811_n.xml,133,302,373,420
./images/282029741_1033713970612679_13198519114166218_n.xml,243,345,360,394
./images/282016052_1034968490487227_3648958973188739256_n.xml,252,350,372,404
./images/282006087_310658324590819_2339977167562437185_n.xml,164,305,434,475
./images/282006086_536328881350718_4408664698452670304_n.xml,254,360,366,402
./images/281993288_3255418418048835_3657764371154652234_n.xml,91,205,127,190
./images/281990892_1034452723872137_3818293940987995150_n.xml,251,347,340,380
./images/281989923_747954939547205_6644280310337949595_n.xml,170,314,512,552
./images/281929336_1180493072771026_1775028829658980531_n.xml,267,373,364,400
./images/281873121_532864761697130_267659236955410613_n.xml,252,350,368,400
./images/281702060_2190438444438194_4518527069176243829_n.xml,238,363,279,316
./images/281700057_534908671492739_6703762127904025160_n.xml,248,343,347,372
./images/281667374_1756218388043646_523276972036863957_n.xml,304,397,264,297
./images/281644576_1182513169235683_2822677383959114993_n.xml,255,348,372,404
./images/281597771_800298854680513_178763308003646518_n.xml,157,302,377,434
./images/281594222_799686731408392_5445309481050363055_n.xml,105,194,344,383
./images/281550266_525850662572119_8954289866473521487_n.xml,113,217,325,367
./images/281537859_1417878471979810_2191532754628497082_n.xml,160,282,376,427
./images/281537463_4995160430596411_6478472547335754088_n.xml,171,298,379,415
./images/281462276_798923371484728_4377700204581045732_n.xml,224,371,301,340
./images/281265006_5449976668380510_2499421281111032312_n.xml,249,353,321,360
./images/281163705_128817569765118_949264619038285688_n.xml,254,416,387,432
./images/281030508_5772561916128650_6044914485955227512_n.xml,99,203,373,410
./images/280925740_5434536913257819_950350029705203640_n.xml,229,364,352,391
./images/280886285_5432428016802042_6232780254415337562_n.xml,247,373,326,372
./images/280879174_130672692913313_451467805224093533_n.xml,287,439,299,383
./images/280830840_5432181266826717_3224669705287912922_n.xml,248,369,326,376
./images/280750514_1317197255436161_1650194248791246657_n.xml,256,362,305,346
./images/280619615_1178498102970523_892480901052111449_n.xml,226,330,346,377
./images/280550886_1360984581066012_3513508880782369006_n.xml,208,347,226,263
./images/280535823_1181037642445739_1369838087218198198_n.xml,170,304,380,432
./images/280497252_1181025065780330_8691975844293808500_n.xml,165,293,385,424
./images/280276111_5622293631132136_4452381141690327644_n.xml,245,357,279,313
./images/280232813_1213938426102412_5280414007587703115_n.xml,566,726,353,443
./images/280198361_714094553071505_2699701075255323672_n.xml,161,286,344,391
./images/280030483_5431689780209199_350857803984422697_n.xml,243,361,322,363
./images/280029975_1315117075644179_9122620300169672902_n.xml,291,397,316,356
./images/279854359_4925226290933219_4430688350482594778_n.xml,248,337,322,377
./images/279786689_1049051212634639_1032835527153193753_n.xml,393,591,472,542
./images/279688369_1607422336325161_2518208295140027272_n.xml,275,501,809,889
./images/279638205_1155371405300899_4655135550898989400_n.xml,247,331,268,300
./images/279628584_740823106927055_8428218078395639778_n.xml,150,296,445,487
./images/279583519_1155389818632391_4926912393179621953_n.xml,247,352,402,445
./images/279258539_124819146831635_4311741030271865888_n.xml,164,273,520,575
./images/279234494_5866850583330841_6998024090819640206_n.xml,110,218,294,324
./images/279229092_734511224224910_6443903887138333484_n.xml,210,368,258,301
./images/279225668_3108859409374623_6514008318740445763_n.xml,170,275,453,503
./images/279058220_506371124274284_2382492142533407558_n.xml,121,224,350,378
./images/278933996_1148705355967504_3154958444080760996_n.xml,159,279,380,421
./images/278918918_1148728232631883_2960097606741167191_n.xml,262,447,733,803
./images/278673308_3101270403466857_5804894105903022537_n.xml,163,274,403,452
./images/278671056_3098393493754548_2211222699698445802_n.xml,175,274,484,517
./images/278592588_1009913526602944_4619802861968654995_n.xml,128,216,289,322
./images/278288409_1143286876509352_6060519752332598712_n.xml,170,293,493,540
./images/277589584_346232707470228_7293656966167608223_n.xml,253,365,338,373
./images/277346806_1579240779115187_4944531108444954136_n.xml,56,119,143,167
./images/276160084_1346581165850018_8394554565150814351_n.xml,224,380,301,357
./images/271707632_224692743186093_1474010681957577645_n.xml,45,106,100,125
./images/271650641_639162650865924_6777592191253347620_n.xml,1,141,225,333
./images/266553060_457983515744523_8864381661638866959_n.xml,142,291,186,262
./images/265168886_10210114760501909_3919666437550529825_n.xml,154,298,341,394
./images/264741391_376282650918102_6785855143808105851_n.xml,58,165,192,297
./images/262553692_4840498569304224_3395473220184518860_n.xml,154,297,337,381
./images/261171743_293243852643861_2302258490044288276_n.xml,238,379,228,278
./images/260354796_611043160140856_4025523443348673568_n.xml,67,279,291,439
./images/252671525_1012054579651360_6284998666503748309_n.xml,245,371,297,334
./images/250627638_563280374976923_3621708064492514197_n.xml,162,293,408,456
./images/245254863_619010686144564_3839697588993015480_n.xml,179,271,292,342
./images/244746503_5289425181084002_5372249836202619912_n.xml,191,360,385,445
./images/241515386_1342778579480193_486780581406885980_n.xml,98,202,261,305
./images/240928952_10210120901415428_7214853530875457572_n.xml,145,304,352,399
./images/239815029_2924888501105049_8672320456851914831_n.xml,160,294,430,465
./images/231680785_556655888812184_4734700546297475305_n.xml,220,410,334,387
./images/230984162_835714157055895_3945653706407394621_n.xml,174,288,397,433
./images/230829249_349812113379972_6345882007194364825_n.xml,159,261,472,512
./images/230302897_118767727149867_7042513268499171987_n.xml,142,295,356,415
./images/230153974_209771454491181_3584034404114784983_n.xml,401,496,211,253
./images/229970826_118762717150368_2881775621914315608_n.xml,150,307,330,379
./images/229493616_3796180057153394_766248945185264702_n.xml,201,352,340,388
./images/226435151_3024774107757279_2285320033703719622_n.xml,282,438,409,455
./images/226333632_209774984490828_3928725121868991692_n.xml,230,357,295,346
./images/225596615_374573037411979_4859097128851154857_n.xml,229,378,295,339
./images/225439079_209113124557014_2451985875873783870_n.xml,241,387,272,321
./images/223430236_6139523812754937_8936236667083392413_n.xml,241,377,332,377
./images/217898352_115425664146303_8134445435473369948_n.xml,165,292,405,459
./images/201608465_199403032085444_5054250594852940467_n.xml,295,573,212,324
./images/201016864_1488049791559142_3845408448694186486_n.xml,145,264,284,331
./images/191877152_4455152561171234_1058866519251232457_n.xml,255,354,283,312
./images/283024077_1033828493934560_6742936618950076470_n.xml,270,365,366,392
./images/285094290_822490022472023_3291130541613136778_n.xml,63,159,123,156
./images/285052441_735341544316731_4171512822670827456_n.xml,435,923,667,823
./images/285024041_5141617535925844_6590015593738979773_na.xml,552,845,520,642
./images/285002240_455692782988209_5681485438720651684_n.xml,93,231,382,452
./images/284804631_109302931797927_6985289601036181367_n.xml,103,292,136,212
./images/284791235_714087226543126_8275365749307352901_n.xml,323,401,324,369
./images/284714689_5493196387360182_4798987341326462834_n.xml,213,311,191,235
./images/284641114_3107494829563055_5697083371793300015_n.xml,164,281,323,364
./images/284602105_385051850348308_20336258206777484_n.xml,111,257,245,314
./images/284547331_120909647284836_8842807653800168479_n.xml,195,315,95,131
./images/284308434_5082542341863952_8378526319716392036_n.xml,101,184,95,129
./images/284268840_1173602826766200_6910376338432763330_n.xml,117,240,154,220
./images/284247539_5352648794801391_3508588827350658568_n.xml,56,216,99,156
./images/284205646_1481172398952042_5408970759014113967_n.xml,99,185,242,261
./images/284027107_534130288338669_5492994209335733172_na.xml,404,472,361,389
./images/283982670_174955868229599_8666047534363792942_n.xml,140,279,386,444
./images/283896758_1412932739131909_7245036162800712286_n.xml,59,152,220,272
./images/283888393_5303566169735281_3601686112593104358_n.xml,45,112,130,161
./images/283728503_7485966394806964_8253754926678278410_n.xml,82,159,169,189
./images/283452347_884721466259658_5906614854887373979_n.xml,86,235,277,363
./images/283447778_1698530947163336_4500908799624768939_n.xml,88,153,121,152
./images/283417725_3570740459716865_2238149835242008124_na.xml,57,138,76,114
./images/283372474_373499594833014_7831444789967242717_n.xml,118,186,174,195
./images/283254537_7431470860260848_1630625812203114140_n.xml,89,163,141,169
./images/283230970_151330560757651_3692313246762853334_n.xml,109,172,191,212
./images/283006072_127776766572055_7365475557940009171_n.xml,81,140,73,97
./images/282694033_1068337787222550_2280143105371105431_n.xml,679,979,1445,1533
./images/282690312_496676332236142_8504888564843899170_n.xml,98,174,197,221
./images/282558747_1408660316225818_5640397205223325175_n.xml,359,446,136,168
./images/282113310_127776926572039_3969835446291499121_n.xml,14,152,239,339
./images/282032447_5021979457897127_2976992520977314036_n.xml,100,171,195,223
./images/282006131_127776796572052_6093614381979627029_n.xml,126,236,183,244
./images/281592980_126344460033593_544591985766626618_na.xml,97,159,149,173
./images/281532357_5036253173131079_1994422114174370922_n.xml,91,157,246,261
./images/281520762_1023148018573760_7749069794401430675_n.xml,290,370,388,425
./images/281442652_4837020996409824_4054341560272212728_n.xml,42,252,255,352
./images/280940475_5169072943183070_3570747278345612104_n.xml,40,297,274,370
./images/280930914_5480813688643869_3411992741021912865_n.xml,338,535,411,483
./images/280752181_5884229761603884_5232875526425905383_n.xml,38,148,195,229
./images/280642464_5025836320866879_1533115824938844528_n.xml,92,162,178,203
./images/280634730_5405144346183966_3451898156350189061_n.xml,90,166,188,208
./images/280556400_964181081063664_8262906133397349140_n.xml,91,181,133,165
./images/280530122_732554207777304_5353098532805597611_n.xml,139,227,389,423
./images/280516075_5221212084582723_2422244336881123714_na.xml,107,177,194,214
./images/280358367_5060277710674045_4435075184325696540_n.xml,99,165,129,155
./images/280316682_5105038382914721_2781730330948395560_n.xml,85,134,213,228
./images/280286272_7584908101549245_4279861047849692433_n.xml,113,182,201,219
./images/280062159_5141078679308338_6189884291884816312_na.xml,74,170,212,240
./images/279937544_4937559589700194_6868364844231409179_n.xml,113,337,296,389
./images/279930746_5110827828954214_8699041987204887624_n.xml,207,293,348,370
./images/279848744_4930273610404506_6446440042766140617_n.xml,203,272,432,458
./images/279546842_4360645380704822_1170769446729816895_n.xml,108,171,197,221
./images/279367388_5326318827434281_7854161125561043269_n.xml,97,171,231,253
./images/279022819_7470470103027879_4530930191713489275_n.xml,116,164,201,216
./images/278960406_1578522655866522_66909269356094072_n.xml,88,162,126,155
./images/278830266_5242760679078273_6340067629229695048_n.xml,93,161,115,135
./images/278812592_1097640764149791_8305194179254184190_n.xml,83,175,174,203
./images/278698350_5126166170760232_7279688939584537308_n.xml,85,172,73,98
./images/278665456_5292701194096932_4654681461936569781_n.xml,95,182,142,167
./images/278655639_4761215587339013_5413138603476641128_n.xml,30,128,234,260
./images/278642370_4565918833509531_257342327803583192_na.xml,100,161,167,191
./images/278639158_843246220404641_2964557570873586081_n.xml,44,120,192,223
./images/278546078_4962607367108527_1870970194476777762_n.xml,174,229,198,216
./images/278540640_5003423733099177_572171981651233046_n.xml,79,197,127,164
./images/278525893_5504747889538007_8079762953689255917_n.xml,97,175,201,221
./images/278202379_4919885098129648_2665864153982567942_n.xml,42,107,200,222
./images/278170205_519961443131796_3424273158176665194_n.xml,98,167,219,238
./images/278145346_377650800925170_1136075009150444041_n.xml,116,181,197,222
./images/277975883_4936176259769013_6850894273652706891_n.xml,107,151,228,242
./images/277971867_5002373516478223_4896791341224591493_n.xml,77,132,170,203
./images/277805302_993484158206813_4256302337058276907_n.xml,87,161,282,309
./images/277781730_1635702136770167_533564361059377080_n.xml,74,131,227,247
./images/277297342_5438520302825308_2524232591227004793_n.xml,90,163,79,106
./images/277098335_5328611430496753_4440483984341020032_n.xml,94,172,156,184
./images/276981914_5258245580875752_213062764285369982_n.xml,92,166,192,211
./images/276975451_4980638928685021_5452768620185193245_n.xml,51,120,199,239
